{"cameraMode":{"drawMode":0,"name":"Shaded","section":"Shading Mode"},"sceneLighting":true,"audioPlay":false,"sceneViewState":{"m_AlwaysRefresh":false,"showFog":true,"showSkybox":true,"showFlares":true,"showImageEffects":true,"showParticleSystems":true,"showVisualEffectGraphs":true,"m_FxEnabled":true},"in2DMode":false,"pivot":{"x":-0.18519797921180726,"y":3.1266415119171144,"z":-0.1400100439786911},"rotation":{"x":-0.004092823248356581,"y":0.9933873414993286,"z":-0.10851897299289704,"w":-0.03746804967522621},"size":2.1679372787475588,"orthographic":false}